Feature,Importance,Mean_Abs_SHAP
isSmoker,0.6800351162484372,7929.876473833433
bmi,0.150898324437482,1845.1218806452848
age,0.12580826508228649,3262.8386964189876
bmi_category_Obese,0.022920125927749987,271.7709737125756
children,0.015071253376874772,686.9508773194818
region_northwest,0.0015290402112792948,43.677700230911825
region_southeast,0.0010365054450591012,23.67396524450203
isFemale,0.0008813998546036242,50.80613308788035
bmi_category_OverWeight,0.0007995155389320203,53.81228706774528
region_southwest,0.0007342411854069735,37.845561362837074
bmi_category_Normal,0.00028621269188861605,14.457812710536928
